{
  "hash": "8d1795ce",
  "configHash": "15191f8d",
  "lockfileHash": "98fff39a",
  "browserHash": "e9424402",
  "optimized": {
    "@angular/common": {
      "src": "../../../../../../node_modules/@angular/common/fesm2022/common.mjs",
      "file": "@angular_common.js",
      "fileHash": "9af2d449",
      "needsInterop": false
    },
    "@angular/common/http": {
      "src": "../../../../../../node_modules/@angular/common/fesm2022/http.mjs",
      "file": "@angular_common_http.js",
      "fileHash": "36521bcc",
      "needsInterop": false
    },
    "@angular/core": {
      "src": "../../../../../../node_modules/@angular/core/fesm2022/core.mjs",
      "file": "@angular_core.js",
      "fileHash": "d1dd34f8",
      "needsInterop": false
    },
    "@angular/forms": {
      "src": "../../../../../../node_modules/@angular/forms/fesm2022/forms.mjs",
      "file": "@angular_forms.js",
      "fileHash": "7fc1c779",
      "needsInterop": false
    },
    "@angular/platform-browser": {
      "src": "../../../../../../node_modules/@angular/platform-browser/fesm2022/platform-browser.mjs",
      "file": "@angular_platform-browser.js",
      "fileHash": "45f64366",
      "needsInterop": false
    },
    "@angular/router": {
      "src": "../../../../../../node_modules/@angular/router/fesm2022/router.mjs",
      "file": "@angular_router.js",
      "fileHash": "d1fd3465",
      "needsInterop": false
    },
    "angular-notifier": {
      "src": "../../../../../../node_modules/angular-notifier/fesm2022/angular-notifier.mjs",
      "file": "angular-notifier.js",
      "fileHash": "056491b3",
      "needsInterop": false
    },
    "html2canvas": {
      "src": "../../../../../../node_modules/html2canvas/dist/html2canvas.esm.js",
      "file": "html2canvas.js",
      "fileHash": "9e7f6663",
      "needsInterop": false
    },
    "jwt-decode": {
      "src": "../../../../../../node_modules/jwt-decode/build/jwt-decode.esm.js",
      "file": "jwt-decode.js",
      "fileHash": "c79e7258",
      "needsInterop": false
    },
    "ng-circle-progress": {
      "src": "../../../../../../node_modules/ng-circle-progress/fesm2020/ng-circle-progress.mjs",
      "file": "ng-circle-progress.js",
      "fileHash": "f07bcf69",
      "needsInterop": false
    }
  },
  "chunks": {
    "chunk-GOI4ZLSX": {
      "file": "chunk-GOI4ZLSX.js"
    },
    "chunk-GHSRPTEI": {
      "file": "chunk-GHSRPTEI.js"
    },
    "chunk-GH7ZGVCN": {
      "file": "chunk-GH7ZGVCN.js"
    },
    "chunk-KJBFIUQP": {
      "file": "chunk-KJBFIUQP.js"
    },
    "chunk-UHOMHKTA": {
      "file": "chunk-UHOMHKTA.js"
    },
    "chunk-WDMUDEB6": {
      "file": "chunk-WDMUDEB6.js"
    }
  }
}